<?xml version='1.0' encoding='UTF-8'?><xml><records><record><ref-type name="Dataset">59</ref-type><contributors><authors><author>Ludovico, Luca Andrea</author><author>Avanzini, Federico</author><author>Presti, Giorgio</author></authors></contributors><titles><title>Data for: DAW Usage Survey (2023)</title></titles><section>2025-03-03</section><dates><year>2025</year><pub-dates><date>2023-12-06/2024-01-31</date></pub-dates></dates><edition>V2</edition><keywords><keyword>audio production</keyword><keyword>Digital Audio Workstation (DAW)</keyword></keywords><custom3>survey data</custom3><publisher>UNIMI Dataverse</publisher><reviewed-item>null</reviewed-item><urls><related-urls><url>https://doi.org/10.13130/RD_UNIMI/YNQHKI</url></related-urls></urls><electronic-resource-num>doi/10.13130/RD_UNIMI/YNQHKI</electronic-resource-num></record></records></xml>