Category: Music & Audio

Country,Ableton Live: (1/1/04 - 10/24/25),Cubase: (1/1/04 - 10/24/25),FL Studio: (1/1/04 - 10/24/25),Pro Tools: (1/1/04 - 10/24/25),Logic Pro: (1/1/04 - 10/24/25)
Solomon Islands,,,,,
Iceland,,,,,
British Virgin Islands,,,,,
Faroe Islands,,,,,
Australia,35%,10%,24%,23%,8%
Malta,,,,,
Switzerland,34%,17%,28%,12%,9%
Belgium,32%,13%,37%,12%,6%
Netherlands,26%,14%,44%,10%,6%
Norway,22%,15%,39%,16%,8%
Estonia,22%,11%,55%,8%,4%
Ireland,35%,9%,25%,24%,7%
Denmark,28%,13%,35%,15%,9%
United Kingdom,31%,17%,23%,17%,12%
Gibraltar,,,,,
Isle of Man,,,,,
New Zealand,29%,6%,38%,18%,9%
Aruba,,,,,
U.S. Virgin Islands,,,,,
Canada,27%,11%,33%,21%,8%
Jersey,,,,,
Germany,31%,21%,34%,9%,5%
Dominica,,,,,
St. Kitts & Nevis,,,,,
Guernsey,,,,,
Austria,30%,20%,33%,11%,6%
Monaco,,,,,
Sweden,19%,21%,37%,14%,9%
France,29%,16%,34%,14%,7%
San Marino,,,,,
Portugal,27%,14%,42%,12%,5%
Andorra,,,,,
St. Martin,,,,,
United States,23%,6%,35%,27%,9%
Caribbean Netherlands,,,,,
Luxembourg,,,,,
Greenland,,,,,
Liechtenstein,,,,,
Georgia,,,,,
St. Helena,,,,,
Finland,20%,16%,40%,17%,7%
New Caledonia,,,,,
Israel,22%,35%,32%,9%,2%
Sint Maarten,,,,,
Hungary,26%,15%,47%,9%,3%
Lithuania,24%,11%,58%,4%,3%
Vanuatu,,,,,
Italy,28%,19%,34%,13%,6%
Antigua & Barbuda,,,,,
St. Vincent & Grenadines,,,,,
South Korea,28%,24%,24%,14%,10%
Curaçao,,,,,
Réunion,,,,,
Argentina,21%,12%,51%,15%,1%
Spain,24%,18%,37%,16%,5%
Barbados,,,,,
Czechia,23%,16%,48%,9%,4%
Latvia,,,,,
Chile,16%,12%,56%,14%,2%
Åland Islands,,,,,
Trinidad & Tobago,,,,,
French Polynesia,,,,,
Papua New Guinea,,,,,
Greece,24%,26%,36%,10%,4%
St. Lucia,,,,,
Cayman Islands,,,,,
Slovenia,22%,23%,37%,13%,5%
South Africa,7%,11%,73%,7%,2%
Madagascar,,,,,
Puerto Rico,,,,,
Bermuda,,,,,
Uruguay,,,,,
Mauritius,,,,,
Cyprus,,,,,
French Guiana,,,,,
Jamaica,,,,,
Guadeloupe,,,,,
Croatia,20%,23%,46%,8%,3%
Martinique,,,,,
Grenada,,,,,
Guam,,,,,
Northern Mariana Islands,,,,,
Maldives,,,,,
Lebanon,,,,,
Russia,16%,11%,65%,5%,3%
Romania,21%,16%,53%,7%,3%
Singapore,26%,9%,32%,21%,12%
Belize,,,,,
Poland,19%,11%,61%,7%,2%
Costa Rica,,,,,
Mexico,18%,8%,54%,17%,3%
Eswatini,,,,,
Botswana,,,,,
Slovakia,17%,18%,53%,9%,3%
Serbia,17%,21%,51%,9%,2%
North Macedonia,,,,,
Seychelles,,,,,
Guatemala,,,,,
Colombia,15%,7%,54%,22%,2%
Bahamas,,,,,
St. Barthélemy,,,,,
Montenegro,,,,,
Bulgaria,18%,16%,53%,10%,3%
Ecuador,14%,8%,57%,19%,2%
Macao,,,,,
Hong Kong,21%,12%,22%,26%,19%
Moldova,,,,,
Zimbabwe,,,,,
Cape Verde,,,,,
Namibia,,,,,
Armenia,,,,,
Ukraine,15%,11%,67%,5%,2%
Peru,14%,7%,60%,17%,2%
Brunei,,,,,
Suriname,,,,,
Dominican Republic,,,,,
Malawi,,,,,
Bosnia & Herzegovina,,,,,
Belarus,,,,,
Mayotte,,,,,
Panama,,,,,
Guyana,,,,,
Tunisia,,,,,
Albania,,,,,
Honduras,,,,,
Sri Lanka,,,,,
Japan,19%,36%,14%,21%,10%
United Arab Emirates,22%,11%,42%,16%,9%
Cuba,,,,,
Mongolia,,,,,
El Salvador,,,,,
Bolivia,,,,,
Ghana,,,,,
Bhutan,,,,,
Myanmar (Burma),,,,,
Philippines,17%,4%,63%,12%,4%
Kosovo,,,,,
Brazil,18%,9%,53%,17%,3%
Kenya,,,,,
Fiji,,,,,
Nepal,,,,,
Bahrain,,,,,
Venezuela,8%,6%,71%,14%,1%
Haiti,,,,,
Mozambique,,,,,
Nicaragua,,,,,
Uganda,,,,,
Cambodia,,,,,
Paraguay,,,,,
Taiwan,21%,21%,23%,20%,15%
Lesotho,,,,,
Gabon,,,,,
Qatar,,,,,
Togo,,,,,
Laos,,,,,
Burundi,,,,,
Angola,,,,,
Gambia,,,,,
Zambia,,,,,
Rwanda,,,,,
Liberia,,,,,
Malaysia,17%,12%,51%,12%,8%
Morocco,,,,,
Congo - Brazzaville,,,,,
Benin,,,,,
Senegal,,,,,
Kazakhstan,,,,,
Ethiopia,,,,,
Côte d’Ivoire,,,,,
Thailand,16%,22%,45%,10%,7%
Türkiye,14%,17%,58%,6%,5%
Nigeria,,,,,
Kuwait,,,,,
Azerbaijan,,,,,
China,,,,,
India,12%,10%,64%,10%,4%
Palestine,,,,,
Egypt,9%,5%,74%,10%,2%
Indonesia,9%,12%,71%,6%,2%
Tanzania,,,,,
Cameroon,,,,,
Uzbekistan,,,,,
Oman,,,,,
Vietnam,12%,18%,62%,5%,3%
Kyrgyzstan,,,,,
Jordan,,,,,
Afghanistan,,,,,
Burkina Faso,,,,,
Sierra Leone,,,,,
Bangladesh,,,,,
Pakistan,,,,,
Iran,5%,13%,79%,2%,1%
Turkmenistan,,,,,
Congo - Kinshasa,,,,,
Algeria,,,,,
Mali,,,,,
Tajikistan,,,,,
Syria,,,,,
Iraq,,,,,
Saudi Arabia,,,,,
Somalia,,,,,
Libya,,,,,
Sudan,,,,,
Yemen,,,,,
St. Pierre & Miquelon,,,,,
Anguilla,,,,,
São Tomé & Príncipe,,,,,
Eritrea,,,,,
Western Sahara,,,,,
Djibouti,,,,,
Christmas Island,,,,,
Comoros,,,,,
Cook Islands,,,,,
Falkland Islands (Islas Malvinas),,,,,
Svalbard & Jan Mayen,,,,,
Turks & Caicos Islands,,,,,
Chad,,,,,
Micronesia,,,,,
South Georgia & South Sandwich Islands,,,,,
Guinea,,,,,
Tokelau,,,,,
Guinea-Bissau,,,,,
Timor-Leste,,,,,
Tonga,,,,,
Equatorial Guinea,,,,,
Heard & McDonald Islands,,,,,
British Indian Ocean Territory,,,,,
Tuvalu,,,,,
North Korea,,,,,
Palau,,,,,
Cocos (Keeling) Islands,,,,,
Central African Republic,,,,,
U.S. Outlying Islands,,,,,
Bouvet Island,,,,,
Pitcairn Islands,,,,,
Kiribati,,,,,
Vatican City,,,,,
Nauru,,,,,
Niue,,,,,
Marshall Islands,,,,,
French Southern Territories,,,,,
Norfolk Island,,,,,
Antarctica,,,,,
Wallis & Futuna,,,,,
Samoa,,,,,
American Samoa,,,,,
Niger,,,,,
Mauritania,,,,,
Montserrat,,,,,
South Sudan,,,,,
